RegionName,State,Metro,1996-04,1996-05,1996-06,1996-07,1996-08,1996-09,1996-10,1996-11,1996-12,1997-01,1997-02,1997-03,1997-04,1997-05,1997-06,1997-07,1997-08,1997-09,1997-10,1997-11,1997-12,1998-01,1998-02,1998-03,1998-04,1998-05,1998-06,1998-07,1998-08,1998-09,1998-10,1998-11,1998-12,1999-01,1999-02,1999-03,1999-04,1999-05,1999-06,1999-07,1999-08,1999-09,1999-10,1999-11,1999-12,2000-01,2000-02,2000-03,2000-04,2000-05,2000-06,2000-07,2000-08,2000-09,2000-10,2000-11,2000-12,2001-01,2001-02,2001-03,2001-04,2001-05,2001-06,2001-07,2001-08,2001-09,2001-10,2001-11,2001-12,2002-01,2002-02,2002-03,2002-04,2002-05,2002-06,2002-07,2002-08,2002-09,2002-10,2002-11,2002-12,2003-01,2003-02,2003-03,2003-04,2003-05,2003-06,2003-07,2003-08,2003-09,2003-10,2003-11,2003-12,2004-01,2004-02,2004-03,2004-04,2004-05,2004-06,2004-07,2004-08,2004-09,2004-10,2004-11,2004-12,2005-01,2005-02,2005-03,2005-04,2005-05,2005-06,2005-07,2005-08,2005-09,2005-10,2005-11,2005-12,2006-01,2006-02,2006-03,2006-04,2006-05,2006-06,2006-07,2006-08,2006-09,2006-10,2006-11,2006-12,2007-01,2007-02,2007-03,2007-04,2007-05,2007-06,2007-07,2007-08,2007-09,2007-10,2007-11,2007-12,2008-01,2008-02,2008-03,2008-04,2008-05,2008-06,2008-07,2008-08,2008-09,2008-10,2008-11,2008-12,2009-01,2009-02,2009-03,2009-04,2009-05,2009-06,2009-07,2009-08,2009-09,2009-10,2009-11,2009-12,2010-01,2010-02,2010-03,2010-04,2010-05,2010-06,2010-07,2010-08,2010-09,2010-10,2010-11,2010-12,2011-01,2011-02,2011-03,2011-04,2011-05,2011-06,2011-07,2011-08,2011-09,2011-10,2011-11,2011-12,2012-01,2012-02,2012-03,2012-04,2012-05,2012-06,2012-07,2012-08,2012-09,2012-10,2012-11,2012-12,2013-01,2013-02,2013-03,2013-04,2013-05,2013-06,2013-07,2013-08,2013-09,2013-10,2013-11,2013-12,2014-01,2014-02,2014-03,2014-04,2014-05,2014-06,2014-07,2014-08,2014-09,2014-10,2014-11,2014-12,2015-01,2015-02,2015-03,2015-04,2015-05,2015-06,2015-07,2015-08,2015-09,2015-10,2015-11,2015-12,2016-01,2016-02,2016-03,2016-04,2016-05,2016-06,2016-07,2016-08,2016-09,2016-10,2016-11,2016-12,2017-01,2017-02,2017-03,2017-04,2017-05,2017-06,2017-07,2017-08,2017-09,2017-10
Cook,IL,Chicago,128700,129000,128900,128600,128400,128400,128500,128800,129000,129300,129800,130100,130100,130000,129900,130100,130300,130800,131300,131700,132100,132700,133400,133700,133600,133800,134100,134600,135000,135400,136000,136700,137200,137600,138400,139100,139900,140900,141700,142300,143200,144200,145200,146200,147200,148400,149900,151400,152600,153700,154700,155800,156900,158100,159200,160600,162300,163900,165100,166300,167700,169200,170500,171600,172600,173900,175600,177100,178500,180000,181200,182600,183800,184300,184400,185100,186600,188200,190000,191700,193400,194800,196500,198700,200900,204200,208800,212900,215000,215800,215400,214900,214900,215500,216300,216900,218000,219100,220100,221500,223500,225300,226900,228500,230300,232000,233600,235300,236900,238400,239900,241400,242900,244600,246500,248400,249700,251100,252600,254000,254900,255400,255600,255800,256200,256300,256900,257700,258200,258600,258900,258900,258200,257300,256200,255300,254600,254200,254000,253600,252700,251200,249700,247700,245300,242800,239900,236900,234800,233000,230900,228200,226400,225100,223700,222100,220300,217700,215300,213300,211700,210600,209900,209400,207900,205900,203600,201500,199900,199200,197800,195700,193600,191900,189700,187200,185300,184400,183500,181800,179300,176900,175000,173100,170900,168900,167200,166100,165200,163800,162700,162200,162300,162800,163600,164500,164800,164100,163400,163300,163600,163900,164200,164800,166300,168400,171400,173900,175300,176500,178000,179200,179800,180600,181100,181500,181700,182000,182100,182500,183700,185100,185900,186300,186300,186000,186300,187800,190000,191400,192000,192800,193900,195000,195600,196100,196300,196000,196300,197700,199400,200100,200700,201300,202000,202700,203900,204900,206700,209100,211100,211700,211900,212200,212600,213400,214400,214700,214400
Du Page,IL,Chicago,161200,161000,161200,161500,162100,162700,163000,163300,163800,164500,165400,166300,167000,167500,167800,168100,168600,169000,169300,169500,170000,170600,171300,172000,172700,173400,173900,174200,174400,175100,176400,177800,179000,180100,180900,181500,181900,182300,182900,183700,184400,185200,186300,187400,188400,189100,190100,191600,193100,194500,196100,197600,199100,200400,201700,202900,204100,205300,206600,208100,209600,211300,212900,214500,216100,217800,219300,220900,222500,224300,225500,226600,228000,229800,231500,233200,234800,236400,237900,239400,241100,242700,244500,246300,247900,249200,250500,251800,253300,254500,255800,257200,258600,260100,262000,263800,265600,267500,269800,271900,273900,276100,278200,280200,282300,284800,287400,289800,292000,293800,295500,297900,300200,302200,304300,306700,309000,310700,312000,313300,314900,316200,316800,316900,317400,318500,318800,318400,318300,319000,319400,319500,319600,319300,318600,317600,316000,314100,312600,311400,309900,307700,305500,303100,301000,299300,297500,295300,293800,293100,292800,291700,289500,286900,284100,280800,277600,274600,272100,270100,268900,268300,268100,267400,265400,263100,262200,261200,258600,255400,252600,249900,246800,243000,239300,237300,237500,238000,237300,236400,235800,234800,232900,230900,229600,228500,226400,224000,222500,221200,219200,217800,218100,220100,223300,227000,229000,229300,229900,231200,231200,231100,232400,234700,236500,238000,239600,241600,243300,244700,245300,245600,246500,247700,248700,250100,251900,253400,254400,255100,255200,255400,255600,255300,254800,255000,256000,257400,258800,259700,260000,259500,258900,258800,259600,260500,260800,261000,262100,262900,263900,264700,265000,264900,265700,267900,270500,272400,274500,276600,277100,276100,275100,275000,275700,276300,277600,279300,280500
Lake,IL,Chicago,170700,170400,169800,168800,167800,167100,167000,167500,168000,168600,169200,169600,169900,170400,171000,171600,171800,172200,173300,174600,175400,176200,177100,177800,178000,177900,177700,177900,178200,178700,179400,180000,180600,181200,181900,182500,182900,183000,183000,183300,184100,184500,184800,185500,186700,187800,188900,190100,191400,192500,193900,195500,197100,198700,199600,200200,201500,203300,204600,205500,206700,208300,209800,211100,212600,214500,216500,218000,218900,219800,221100,222700,224000,225200,226900,228800,230900,233100,235000,236500,238000,239300,240500,241700,242800,244100,245500,246800,247400,247900,248700,249300,249600,250400,251300,252400,254000,255800,257300,258900,260800,262600,264200,265600,266900,267900,269000,270300,272000,274000,275600,276600,277700,278500,279300,280900,282300,283300,284200,285000,285300,285200,285300,285700,286100,286100,286300,286800,287000,286900,287200,288000,288000,287100,286200,285000,283500,281800,280100,278100,275600,273200,271200,269000,266500,264400,262700,260300,257200,254500,252200,249900,248400,247600,246500,244400,241500,238000,234700,232800,231600,230700,230000,229200,228900,229000,228400,226200,223600,222000,220400,218300,216700,215000,212500,210500,209400,207600,204800,203900,205400,205600,204500,203600,202000,199900,199200,199100,197700,195900,195000,194800,194600,195400,196400,197100,197600,198100,198500,198300,197200,195900,195400,195500,196400,198400,200800,202800,204800,206800,208300,209200,210700,212900,214400,214900,215100,215100,215000,215400,216400,217100,217000,217100,217700,218400,219500,220900,221600,221400,220800,220900,221400,221500,221600,222100,222600,223100,224200,225500,226700,227700,228000,227600,227700,228900,230200,231100,231800,232600,233200,232600,230700,229900,231300,232500,232700,233000,233500
Will,IL,Chicago,131900,131600,131700,132000,132500,133000,133500,133900,134300,134900,135200,135200,135900,136600,137000,137000,137300,137500,137600,137800,138200,138600,139000,139200,139300,139400,139400,139400,139400,139300,139400,139600,140000,140300,140900,141900,142700,142900,143100,143600,144300,145000,145400,145900,146700,147700,148800,150000,150900,151400,151900,152400,152600,153100,153700,154400,155100,155900,156800,157700,158500,159400,160200,160800,161600,162600,163500,164300,165100,165900,166600,167200,167900,168600,169500,170600,171400,172100,172900,174100,175400,176800,177800,178400,178900,179900,181400,182600,183300,184100,185300,186500,187300,188100,189000,190100,191100,191900,192700,193800,195500,197100,198500,199900,201400,202600,204000,205600,207500,209600,211400,213100,214900,216700,217800,218700,219500,220400,221500,222600,223500,224500,225200,225800,226000,226300,226700,226800,226700,226700,226700,226500,226300,226000,226000,225800,225200,224300,223500,222600,221600,220300,219000,217700,216500,215300,214000,212500,211200,210500,209700,208100,206700,206200,205700,203800,201300,199500,197900,196500,195600,195100,194700,194300,193800,193100,192400,191500,190600,189700,188400,186300,183900,181000,178200,176400,176200,175600,174000,173300,173000,171500,169500,168900,169100,168900,168400,168000,166200,163700,161700,160800,160700,161100,161800,162600,162700,162500,162900,163400,163600,163500,163800,165300,167200,168700,169700,170300,170900,172200,173800,174500,174900,175500,176500,177300,178200,179500,180600,181000,180900,181000,181000,180600,180700,181600,182600,182500,181900,182100,182700,183400,184000,184800,185800,187200,188700,189700,190500,190700,190700,191300,192300,193300,194600,195700,196200,196900,198500,200700,202900,204300,204700,204900,205600,206700,208500,209900,210600
Kane,IL,Chicago,,,,,,,,,,,,148800,148800,148400,148000,147900,148200,148600,149000,149500,150100,150600,150900,151300,151700,152000,152200,152500,153000,153200,153300,153400,153800,154200,154700,155200,155900,157200,158700,159800,160300,161000,162000,163000,163700,164700,165600,166200,166700,167800,168900,169700,170500,171600,173100,174500,175700,176700,177700,178300,178900,179600,180300,181400,182700,183700,184300,185000,186000,187000,187900,189100,190500,191800,193100,194100,194800,195700,196800,198000,198900,199800,200700,201800,202800,203500,204300,205200,205900,206400,207000,208200,210000,211600,212900,213800,214700,215800,217200,218700,220400,221900,223200,224700,226000,227400,228900,230900,232800,234000,234800,235700,236700,238000,239500,240700,242100,243800,244800,245600,246500,247100,247800,248300,248400,248600,248800,248500,247900,247600,247700,247700,247700,247500,246800,245600,244400,243000,241400,240000,239400,239200,238500,236900,235600,234900,234200,233200,231900,230600,229600,227900,226500,225600,224300,222000,220300,218800,217500,216800,216600,215900,214700,214000,211000,206300,203700,203100,200900,198500,196800,195700,194500,193100,191500,190000,188800,187600,185800,184200,182900,181100,178600,176000,173700,172000,170800,169900,169200,168600,167900,167100,166700,166800,167000,167200,167400,167900,168500,168800,169200,169900,170900,172000,172600,172800,173600,174900,176500,178300,179400,180200,181200,182100,182800,183700,184700,185600,186500,187500,188400,189000,188800,188500,188900,189700,190400,191400,193300,195800,197500,198000,197800,197900,198300,198500,198900,200100,201000,200800,201200,202300,203500,204200,204800,205800,207200,208700,210500,212700,214500,215600,216300,217000,217500,218200,218800,218500,217800
McHenry,IL,Chicago,151500,151300,151300,151500,151500,151400,151300,151300,151500,152100,152500,152600,152600,152600,152500,152200,152100,152500,152900,153100,153300,153600,153900,154300,154500,154400,154600,154900,155300,155500,155700,155700,155800,156100,156800,157100,157400,157600,157900,158400,159000,159200,160000,161400,163000,164100,165000,165900,166900,168100,169400,170600,171600,172700,173700,174600,175500,176100,177000,178300,179800,180600,181000,181300,182100,183300,184200,184900,185900,187400,188700,189400,189900,190800,191900,192800,193700,194600,195400,196600,197800,198900,199900,201100,202400,203700,205000,206700,208400,210000,211200,212100,212800,213500,214700,215900,217100,218500,220200,221900,223400,224700,226100,227900,229800,231000,232000,233400,235300,236700,237700,238800,239800,240600,241500,242600,243800,245000,245800,246200,246500,246800,246900,246700,246000,245600,245900,246300,246500,246900,247600,247800,247900,247800,247400,246600,246000,245200,244100,242300,240500,238600,236700,234400,232500,231100,229700,228000,225900,223800,221400,218700,217300,217400,217200,215500,213300,211000,209000,207300,206100,205600,205100,205500,203800,199500,195900,194600,193300,192300,191200,189900,188700,187800,186800,184600,182000,180900,180400,179000,177000,174600,172000,169600,166900,164300,162100,161000,160300,159600,158800,158300,157800,157500,158000,159500,161300,162100,161700,160500,160100,160200,160300,160600,162000,163600,165300,166500,167100,168300,169900,171400,172200,172200,172400,173100,173600,173700,174900,176700,178200,178800,179200,180000,181900,183700,184500,184400,184700,185200,184900,184600,184500,184700,184800,185000,185500,186600,187800,189100,190600,191800,192000,191800,192000,193000,194600,196500,198200,199300,200300,201400,202800,204400,205000,204600,204700,205000,205100
Winnebago,IL,Rockford,,,,,,,,,,,86100,86400,86100,86000,85900,86100,86500,86700,86900,86900,86800,87200,87500,86800,85800,85200,84700,84500,85000,85500,85600,85500,85600,86100,86700,86700,86500,86400,86500,86900,87400,88000,88700,89100,89300,89700,90200,90600,90500,90300,90500,91400,92100,92100,92300,92700,93000,93300,93600,93500,93500,93500,93500,93700,94100,94500,94800,95100,95400,95700,96000,96400,96900,97400,98200,99200,100300,100900,101300,101800,102300,102300,102500,103200,103900,104200,104700,105200,105500,105700,106100,106400,106700,107600,108500,108900,109100,109800,110300,110300,110500,111000,111700,112300,112900,113600,114200,115100,116000,116700,117400,117900,118400,118900,119600,120300,121000,121700,122400,122700,122900,123100,123400,123800,124200,124700,125100,125800,126100,125800,125400,125600,126000,126500,126800,126900,127000,127000,126600,126200,126400,126600,126500,126300,125900,125100,124100,123700,123900,124300,124200,123500,122600,121800,121300,120900,120600,120000,119200,118500,117800,117500,116900,116000,115200,114500,113600,112400,111600,111400,111100,110000,108400,107200,106500,105600,104000,102600,101600,100100,98400,97300,97300,97800,97500,96300,95000,94700,94900,94800,94300,94100,94000,93500,92700,91900,91500,91400,91000,90400,90100,90100,89900,89500,89400,89600,89700,89500,89300,89300,89400,89400,89200,89000,89100,89300,88900,88000,87200,86700,86100,85500,85100,85100,85200,85300,85400,85500,85600,86100,86900,87700,88400,89100,89700,90000,90100,90400,91100,92200,93400,94100,94400,94800,95300,96000,96600,97000,97300,97700,98300,99100,99600,99500,99300,99100,99300,99500,99500
Champaign,IL,Champaign-Urbana,,,,,,,,,,,78800,81800,84300,86000,86900,87900,88800,88900,88300,87800,87200,86200,85200,84300,83300,82000,81000,80600,80800,81400,82100,82800,83700,84800,85800,86900,88000,88700,88900,89000,89200,89300,89700,90000,90200,90200,90200,90000,90000,90500,91300,91700,92000,92100,92300,92800,93200,93700,94900,96300,97400,98100,98700,99000,99000,99200,99700,99800,99300,99200,99700,100600,101100,101500,102100,102900,104000,104900,105500,106200,107300,108100,108600,109000,109600,110200,111100,112000,113100,114300,115300,116000,116800,117600,118100,118500,118600,118900,119000,119000,119500,120500,121600,122300,123200,124300,125100,125600,126700,127500,128100,129000,129600,129700,130100,130900,131600,131900,132400,133000,133400,133500,133600,133500,133000,132200,131400,130800,130400,130300,130500,131100,131800,132600,133300,133800,134300,134800,135100,135200,135100,134900,134300,133200,131800,130900,130800,131000,131100,131100,131200,131300,131100,131000,131200,131500,131400,131000,130800,130700,130400,130200,130200,130000,130300,130500,130200,129600,129200,129000,129000,129000,128900,128900,129000,129400,129900,130100,129800,129300,129200,129100,128900,128800,128700,128400,127600,126900,126300,125800,125900,126600,127400,128200,128100,127300,126300,125900,126100,126500,126300,125800,125900,126400,126600,126400,126500,127200,128500,129300,129300,128400,127500,127200,127300,127300,127400,127500,127400,127100,126900,127400,128000,128600,129500,129900,130000,130200,130400,130500,130700,130500,130300,130700,131300,131600,131800,132600,133000,132500,132000,132000,132200,132800,133200,133200,133300,133700,134400,134800,135200,136000,137100,137700,137600,137600,137700,137500,137100
Sangamon,IL,Springfield,83900,84700,85400,85900,85900,86100,86500,87000,87000,86900,87000,86900,86700,86800,87100,87200,87500,87800,87800,87800,87800,88100,88600,89200,89500,89700,89900,89900,90200,91000,91300,91300,91300,91200,91100,90900,90800,90900,91100,91100,91300,91300,91500,91800,92100,92700,93300,93500,94000,94300,94400,95100,96300,97000,97300,97600,98600,100000,101000,101500,102000,102500,103200,103900,103900,102900,102100,102500,102500,101900,101900,102400,102400,102500,102800,102900,102700,102700,102800,103100,103100,103000,103100,103500,103600,103300,103100,102700,102700,103500,104900,105800,106200,106300,106200,106000,106500,107200,107700,108100,108500,108800,108900,108900,109000,109400,109900,110300,110100,109300,108400,108000,108100,108600,108700,108500,108700,109500,110100,110500,111000,111700,112700,113500,113900,113700,113500,113600,114200,114700,114800,114700,114800,115100,115500,115700,115900,116100,116300,116100,116200,116800,117100,117000,117300,117400,117200,117000,116900,116600,117000,117300,117500,117500,117400,117100,116800,116500,116300,116100,115900,115700,115500,116000,114100,110600,109100,109700,109700,109900,110500,111000,111300,111400,111200,110900,111400,112200,112300,112200,112700,113100,113100,113100,113300,113500,113700,113900,114200,114600,114400,114000,113900,113900,113700,113400,112900,112600,112600,112500,113000,113600,113800,114100,114500,114500,114400,114500,114900,115200,115500,115500,115600,117200,119200,119900,119000,118400,118200,118200,118100,118000,117700,117200,116900,116700,116100,115700,116000,116400,116800,117200,117900,118500,119100,119600,120100,120500,121000,121100,120900,120500,120700,121200,121800,122100,122200,122100,122400,122600,122700,122800,122900,123100,123000,122600,121900,121800,121800
Peoria,IL,Peoria,,,,,,,,,,,65600,67300,68800,70100,71400,72300,73300,73900,74100,74100,74200,74000,73800,73600,73100,72500,71900,71700,71600,71800,72400,72900,73400,74400,75700,76900,77300,77500,78200,79300,79900,79900,79400,78800,78700,78800,79000,79400,79700,79900,79900,79700,79400,79300,79600,80300,80400,80200,80500,81400,82100,82500,82500,82200,82000,82000,82400,82700,82700,82500,82200,82100,82400,83200,84100,85000,85700,85900,85800,85700,86100,86700,87300,87100,86500,85900,85900,85800,85800,86100,86900,87400,87700,87800,87900,88100,88700,89300,89900,90500,91000,91500,92100,92400,92400,93000,93300,93500,93700,93800,93600,93900,94500,94900,94700,95000,95700,96200,96800,97600,98300,98700,98700,98400,98400,98700,98800,99000,99200,99600,100100,100700,101100,101200,101600,102200,102800,103200,103700,104100,103600,102400,101500,101200,101200,101800,102500,103100,103500,104100,104600,105000,104500,103500,102800,102600,102400,102500,102600,102200,101800,101500,101400,101100,103000,106200,107900,107600,107700,107300,106600,106500,106800,106800,106400,106200,105900,105300,104600,103700,102800,102200,101700,101500,101300,101000,100700,100800,100600,100600,101200,102000,102500,103000,103200,102900,102600,102600,102900,102800,102500,102100,101700,101000,100400,100300,100600,101000,100900,100600,100400,100500,100300,100000,100400,101300,101700,101400,100500,99500,99100,98900,98600,98300,97900,97200,96600,96600,97100,97800,98800,99800,100600,101300,101700,101300,100900,101100,101700,102300,102900,103300,103400,103200,102600,102200,101900,101800,102000,102000,101900,101600,101000,100400,100300,100200,100000,99900,99700
McLean,IL,Bloomington,96800,97500,98100,99100,99900,100000,99700,99800,100100,100300,100600,100700,100700,100800,100800,100600,100800,101600,102500,103100,103400,103700,104400,104900,105200,105500,105700,105600,105700,106000,106500,107000,107600,108100,108400,108500,108300,108300,108800,109500,110000,110500,111100,111700,112100,112700,113400,114200,114600,115100,115600,115800,115800,115900,116000,116100,116200,116400,116600,116900,117200,117500,117700,118100,118900,119500,120000,120400,120900,121400,121900,122700,123300,123600,123600,123400,122900,122900,123400,123900,124400,124900,125300,125300,125400,125900,126500,127300,128300,128800,128700,128700,129000,129100,129000,129200,129500,129800,130300,130800,131100,131300,131700,132200,132600,133200,133900,134700,135300,135500,135600,135800,135900,136100,136100,136000,135900,135800,135800,135500,135300,135500,135900,136100,136500,137000,137500,138200,138800,139500,140200,141100,141500,141300,141100,141200,141400,141600,141800,142200,142500,142500,142500,142700,143000,143200,143500,143800,143900,144000,144100,143700,142100,140400,139700,139700,140200,141000,141500,141600,141800,142000,141700,140900,142000,144500,145100,143600,142800,142500,142000,141800,141200,140400,139600,139600,139400,138100,136700,136100,136100,135600,135100,134400,133700,133500,133600,133700,133400,133300,133600,133800,133500,133700,134500,135200,135500,135900,136700,137800,138600,139100,139800,140700,141300,141300,141200,141300,141800,142300,142600,142900,143000,143200,143100,142200,140900,139700,138900,138700,139000,139200,139200,139300,139100,138600,138500,139000,139500,140400,141400,142000,142300,142700,142500,141700,141400,141900,142000,141800,141600,141500,141100,140900,140800,140600,140100,139300,138600,138600,139900,142200,144100,144800,144900,144500,144000,143300,142400
Rock Island,IL,Davenport,59600,59500,59700,59900,60100,60200,60200,60300,60500,60700,60700,60900,61200,61700,61900,62100,62300,62600,62700,62600,62600,62600,62700,62900,63000,63100,63500,63800,64100,64800,65800,66600,67700,68700,69200,69300,69400,69300,69000,68700,68600,68500,68500,68500,68600,68900,69400,70000,70500,70800,71000,71500,71900,72300,72600,72900,72600,72200,71900,72000,72600,73300,73700,74000,74200,74300,74500,75000,75400,75300,75600,76200,76500,76700,77000,77100,77100,77100,77200,77300,77500,77800,78200,78400,78600,79100,79700,80100,80600,81200,81700,82000,82300,82700,82900,82900,83000,83000,83100,83400,83700,83800,84000,84300,84900,85500,85700,86000,86200,86400,86200,86300,86600,86700,86700,87000,87000,87000,87200,87300,87300,87400,87700,88100,88400,88700,88800,88900,89100,89500,90100,90700,91100,91400,91600,91800,91600,91500,91500,91500,91300,91000,90700,90300,90400,90600,90500,90200,90400,90500,90500,90500,90600,90500,90500,90600,90700,91100,91500,91800,92100,92900,93600,93800,94600,96100,97000,97100,97400,97900,98300,98500,98500,98400,98500,98800,98900,98800,98600,98400,97900,97400,97100,96500,95800,95400,95200,94900,94300,93500,93100,93400,93700,93500,93300,93700,93900,93700,93700,94200,94500,94500,94700,95200,95600,95600,95600,95900,96700,97300,97500,97500,97500,97500,97500,97500,97700,98000,98000,98100,98200,98100,98100,98300,98600,98900,99200,98900,98600,98600,98900,99100,98900,98500,98300,98200,98100,97900,97700,97700,97900,98200,98300,98000,97600,97300,97200,97200,97000,96500,95800,95000,94200,93600,93100,93300,93800,94000,94000
Tazewell,IL,Peoria,55000,56800,58300,59400,60900,63000,64700,66500,68500,70800,73100,75400,77600,79400,80700,81900,82600,83000,83400,83600,83100,82300,81800,81300,80900,80500,80100,80000,80300,80700,81300,82100,82900,83600,84500,85400,86300,87000,87600,88100,88300,88300,88300,88200,87900,87800,87900,88000,87600,87200,87200,87600,87800,87600,87400,87500,88000,88500,89000,89100,89300,90100,91000,91800,92300,92600,92900,93400,93700,94000,94300,94600,94800,95000,95200,95200,95400,95900,96400,96700,97100,97600,98000,98300,98700,99000,99200,99400,99600,99800,99900,99900,99800,100000,100300,100800,101000,101200,101600,102100,102600,103300,103900,104500,105300,106000,106200,106600,107400,108200,108800,109200,109600,110200,111000,111600,111800,112100,112500,112800,113000,113000,113200,113700,114400,114600,114600,114900,115400,115800,116300,116900,117500,118200,118800,118900,119100,119200,119200,119200,119400,119500,119400,119300,119100,118800,118600,118300,118000,117700,117900,117900,117700,117200,116800,116500,116200,115900,115500,115600,115700,115700,115600,115300,115500,115900,115900,115700,115600,115500,115400,115100,115100,115200,115200,115200,114900,114600,114800,115100,115300,115400,115700,115800,115700,115700,115800,116000,116100,116100,116000,115700,115500,115800,115900,115900,115800,115400,115100,115500,115900,116000,116300,116800,117200,117600,117500,117100,117000,117000,117200,117300,117400,117600,117800,117900,118000,118300,118600,119000,119400,119900,120300,120400,120000,119500,119400,119300,119000,118900,119000,119200,119200,119200,119100,118800,118800,119400,120100,120600,120800,120800,121000,121000,120700,120400,120300,120500,120600,120100,119400,119300,119200,118400,117900,118100,118700,118900,119000
Kendall,IL,Chicago,144800,142700,141800,141800,142300,142700,143200,143800,144400,145000,145700,146600,147800,149200,150500,151200,151400,151500,151500,152000,152800,153100,153100,153800,154800,155100,154800,154600,154800,155300,155800,156000,155900,156000,156600,157300,158200,159300,160100,160700,161300,161900,162200,162400,162900,163500,164000,165000,166000,166600,167100,167900,168500,168700,168900,169600,170300,170900,171400,171800,172500,173800,175400,176600,177500,178600,180200,181800,183300,184800,186000,186900,187400,187700,188000,188500,189200,189900,191200,192700,194000,194900,195800,196800,198000,199400,200800,202100,203200,204300,205300,206000,206900,208200,209300,210400,211400,212500,213600,215000,216700,218900,221000,222000,222700,223900,225600,227400,229000,230600,232500,234900,237200,238700,239900,241200,242500,243400,243900,244200,245100,246700,247600,247700,248100,248700,249100,249800,250200,250300,250400,250700,250600,250100,249300,248400,247100,245800,244700,243400,241800,240000,238200,237100,236700,236200,235000,232900,230300,227800,225800,224400,223300,221700,220300,219300,218000,216500,214800,212800,210700,209000,207700,206300,206400,207400,207300,204700,202600,200900,199400,198600,198800,198100,196300,194400,192300,191100,190400,189800,187800,184900,183100,182800,182100,180800,179600,178900,177900,176600,175500,174500,173600,173400,173900,174700,175900,176900,177400,178000,178400,177900,177300,178100,179800,181900,183500,184100,184500,185800,187700,189600,190700,191100,191500,192600,193800,195200,196000,196100,196400,197400,197900,197500,197600,199300,201300,202600,203200,203500,204100,204500,204600,205000,206100,207100,207700,208400,209200,210000,210900,212100,213100,213700,213900,214500,215700,217300,218300,218800,219800,221100,222200,223100,223700,224400,225700,226700,226900
La Salle,IL,Ottawa,,,,,,,,,,,,,,,,,,,,,,,,,,,,,,,,,,,,,,,,,,,,,,,,,,,,,,,,,,,,,,,,,,,,,,,,,,,,,,,,,,,,,,,,,,,,,,,,,,,,,,,,,,,,,,,,,,,,,,,,,,,,,,,,,,,,,,,,,,,,,,,,,,,,,,,,,,,,,,,,,117700,115600,113700,111900,111100,110200,108000,105300,104300,103600,102600,101400,100900,100900,100700,100600,100400,99900,98900,97700,95900,95000,95200,96200,97000,97400,97600,97300,95900,94900,95500,96200,96300,96200,95900,95800,95900,96000,95300,94900,95300,95400,94800,94600,94400,93800,93600,93900,94100,93900,93900,93600,93300,92900,92600,92300,92500,92600,92700,92900,93600,94100,94600,95100,94900,94600,94600,95000,95000,94900,94600,94300,93700,93200,93500,93800,93600,93400,93700,94600,96300,98300,99200,98600,97600,97300,97200,97500,98400,99400,100200,101200,101900,102000,102000,102400,103100,103500,103700
Kankakee,IL,Kankakee,88000,86900,86700,86400,85700,85200,84700,84100,83800,83600,83100,82900,82900,82800,82800,83600,84700,85100,85300,85700,86300,86800,87300,87900,88800,89300,89500,89400,89600,89800,90200,90800,91200,91200,90800,90900,91300,91200,90700,90400,90200,90200,90300,90100,89800,90400,91100,90800,90200,90700,91800,92400,92100,91600,92000,92400,92700,92600,92800,93300,94400,95500,96100,96600,97400,98200,98800,99100,99700,100200,100600,101000,101000,100500,100000,100200,100800,101800,102800,103500,103700,103900,104200,104400,104800,105600,106400,106600,106800,107100,107500,108200,108900,109400,110400,112300,114000,114900,115300,115200,115300,115600,115800,116600,117900,119100,119600,119900,120300,120900,121800,123200,124300,125100,125000,124200,123900,124400,124800,125300,126600,128100,129200,130200,131300,132100,132900,133400,133500,133500,133100,132800,132300,131900,131800,132100,132000,131600,131800,132400,132500,132100,131800,130800,129000,127600,126700,125900,125600,125500,125500,125600,126500,128200,129800,130600,130900,130600,130200,129700,129400,129300,129700,129900,129200,127600,126300,125500,124600,123100,121100,119300,118000,117200,116500,115600,114600,114100,113600,113300,113500,114700,115900,116900,118500,121200,123700,126000,128300,130600,132300,134100,136200,139600,144100,147800,147500,143200,137900,133200,128400,124100,121000,118000,115200,112200,109200,106700,105300,105200,105400,105700,106400,107400,108300,109900,112200,114200,115400,116200,116900,117300,117200,117400,118300,119300,119000,118200,116700,114300,112500,111800,111700,112300,113500,114200,114300,114200,114800,115800,116900,117900,118400,118300,118500,118900,119000,119400,120300,120700,121000,121100,120900,120700,120800,121000,121300,121300,121100
Macon,IL,Decatur,,,,,,,,,,,,,,,,,,,,,,,,,,,,,,,,,,,,,,,,,,,,,,,,,,,,,,,,,,,,,,,,,,,,,,,,,,,,,,,,,,,,,,,,,,,,,,,,,,,,,,,,,,,,,,,,,,,,,,,,,,,,,,,,,,,,,,,,,,,,,,,,,,,,,,,,,,,,,,,,,104800,104800,105000,105100,101300,96200,95100,97700,99100,100000,100600,100900,100000,98200,96000,93800,91400,88600,85500,82800,80700,78800,77200,76100,75400,74800,74800,75100,75500,75700,75300,74700,74500,74600,75000,75600,75600,75700,76300,76800,77100,77300,77100,77000,77000,77200,77300,77200,76700,76200,76200,76200,76100,75700,75000,74400,74200,73900,73500,73500,73900,74600,75500,76300,77400,78600,79300,79700,79800,80200,80900,81500,81700,81500,81200,80700,80200,79300,77800,76000,74500,73200,71700,69700,67600,65600,63900,62800,62000,60900,59500,58400,57400,56600,56500,56900,57500,57900,58200
DeKalb,IL,Chicago,170000,171300,171200,170300,168900,167000,164400,161400,157500,153600,149500,145700,142100,138400,133900,129200,124700,120400,116400,112800,109400,106500,104300,103000,102600,102900,103400,104600,106500,109200,112500,116300,120600,125500,132000,134100,128900,123900,124200,125900,127300,128500,129600,130100,130400,130500,130100,129600,129900,130200,129700,128900,128300,128200,127900,127400,127300,127900,128400,128900,130300,131900,132900,133800,134400,135000,135600,136100,136300,136600,136900,137700,139000,140100,140400,140500,140500,140100,139700,139900,140900,141700,142100,142900,144600,146900,148500,149400,150800,152700,154600,156400,157900,159000,160200,161500,162800,163800,165000,166500,168100,169200,170000,170800,171600,172300,172800,172900,173000,173300,174000,175500,177000,178300,179500,180300,180800,181200,181800,182100,182500,183100,183800,185200,187100,188700,189500,189300,188300,188100,188200,189000,189600,189500,188600,188200,187900,187400,186800,186300,185500,183900,182200,181900,181900,181500,181500,180500,176900,173300,171600,171500,172500,173500,173700,173300,172000,171500,170300,167000,163300,161000,159400,158500,158200,157600,157300,157200,156800,154500,151400,149600,149400,149300,148700,147900,146600,145100,143400,141800,140000,138400,137400,137000,136200,135500,134700,134500,134900,135000,134400,133500,132400,131400,130900,130800,131200,131400,131200,130800,130100,129300,128400,127400,129000,133200,136900,138000,138700,139500,141100,139300,136400,136400,138900,139700,139800,139600,139600,140800,142400,143200,143300,143900,144700,145000,145000,145300,145000,144500,144700,145700,146700,147400,147800,148200,148600,148600,148500,148500,148500,148700,149300,150100,150800,151100,151200,152200,153300,153600,153700,154500,155600,155900,155800,156000,156500,157100,157500
Adams,IL,Quincy,120500,120500,120500,120400,120400,120400,120400,120400,120400,120500,120500,120500,120500,120500,120500,120400,120400,120400,120400,120400,120400,120500,120500,120500,120500,120500,120500,120400,120400,120400,120400,120400,120400,120500,120500,120500,120500,120500,120500,120400,120400,120400,120400,120400,120400,120500,120500,120500,120500,120500,120500,120400,120400,120400,120400,120400,120400,120500,120500,120500,120500,120500,120500,120400,120400,120400,120400,120400,120400,120500,120500,120500,120500,120500,120400,120400,120400,120400,120400,120400,120400,120500,120500,120600,120600,120500,120500,120400,120400,120400,120300,120200,120300,120400,120600,120700,120700,120600,120500,120500,120400,120300,120200,120000,120100,120400,120800,120900,120900,120700,120600,120400,120300,120200,120000,119800,119900,120400,120900,121100,121100,120800,120600,120400,120200,120100,119800,119600,119800,120500,121000,121300,121200,120900,120600,120400,120200,120000,119700,119900,119000,116000,112500,110900,110000,109100,108500,108500,108200,107700,107300,107500,107200,106100,104400,102900,102500,102900,102500,101700,101200,100500,99800,98800,97000,96200,96800,97200,97300,97700,97500,96600,96200,96300,96600,96800,97200,97800,98300,98000,97400,96600,96100,95700,95300,94800,94100,92800,91800,91500,91400,91200,90600,90100,89900,90100,90800,91300,91400,91700,92500,93200,93500,93500,93300,93500,94500,95500,95600,95500,95700,96000,96500,97400,98400,99800,100900,101200,101800,102700,103200,103400,103500,104000,104700,105200,104900,104500,103800,103000,102400,102200,102000,102000,102200,102500,102900,103900,105400,106600,107400,107900,108100,107900,107500,106900,106600,106700,106900,106600,106400,106600,107800,109000,109100,108300,108300,109400,110800
Williamson,IL,Carbondale,,,,,,,,,,,,,,,,,,,,,,,,,,,,,,,,,,,,,,,,,,,,,,,,,,,,,,,,,,,52200,54200,56200,58400,60600,62300,63500,64500,64800,64500,64200,63800,62800,61900,61700,61700,61200,61100,61300,61200,60800,61100,61800,62100,62500,62900,63200,63600,64200,64800,65300,66000,66200,66100,65900,65900,66100,66400,66500,66300,66400,66400,66100,65500,65500,66400,67300,67900,68300,68800,69100,69200,69100,69300,70400,71700,72500,73000,73400,73500,73600,73900,74700,75400,75300,74400,74000,74200,74600,74500,74000,73300,72900,72700,72800,73300,74000,75000,76200,76900,77300,78400,78700,78800,79000,79200,78800,78900,79200,79200,78500,78100,78100,78300,79100,79800,79800,79400,79500,79600,79800,80200,80300,80100,79900,79300,79400,80800,82000,82000,80900,78900,77800,77400,76100,74700,74800,75300,75700,76500,77300,77700,77600,77600,78000,78800,79800,80800,80100,78200,76500,75300,74000,73500,74500,75900,75300,73500,72200,71900,72100,72600,72700,72000,72500,74300,75700,76400,77000,77900,79700,80100,79200,79500,80600,80700,79900,79200,79200,79500,79800,80200,80700,81700,82600,83200,83600,84100,84800,86100,87100,87900,88700,89500,89800,90100,90600,91200,91700,91800,91600,91000,90100,89600,89700,90200,90200,90900,92800,94300,94500,94600,95100,95600,95700,95700,96200,96700,97600,98400,99200
Jackson,IL,Carbondale,,,,,,,,,,,,,,,,,,,,,,,,,,,,,,,,,,,,,,,,,,,,,,,,,,,,,,,,,,,,,,,,,,,,,,,,,,,,,,,,,,,,,,,,,,,,,,,,,,,,,,,,,,,,,,,,,,,,,,,,,,,,,,,,,,,,,,,,,,,,,,,,,,,,,,,,,,,,,,,,,108300,109000,110100,109800,111100,116500,122700,127400,131400,134500,137000,139700,141900,143200,144400,145900,144600,141100,138700,136700,133500,130000,126500,122300,118100,114100,110600,107600,104500,101100,97700,94800,92800,91500,90400,89700,90000,91200,93000,94800,96100,96900,98200,100100,101300,101500,101200,101100,101000,100600,99700,98400,96100,93100,90500,88900,87700,86500,85400,84500,83800,84000,84600,85200,85400,85700,85900,86200,86500,87200,87800,88100,88800,89500,90000,90300,90200,89200,88000,86900,86000,85200,85300,86000,86200,85900,85800,86000,86300,87100,88200,89800,91300,91500,90000,88200,87500,87300,87100
Whiteside,IL,Sterling,115900,117500,116600,109400,97200,89300,87900,87000,84500,84400,87800,89800,88100,87100,87700,88700,89800,92400,94200,95000,94600,96000,98800,98500,95100,93100,93100,94200,96200,97500,96300,94400,95100,97700,98000,98300,100300,103600,105800,107400,107600,107300,105900,107000,106400,104300,104500,106300,107500,107300,107000,108200,110500,111200,114000,116400,117200,118800,120500,120800,121100,120100,117500,116800,117600,117000,114300,110400,104600,96500,89100,85700,86000,88200,91700,92300,90800,89800,88800,86400,86800,88000,85500,80600,76800,73900,71800,70900,70700,70800,71400,72300,73300,74500,76200,78000,78400,78200,77500,76900,76900,76900,76700,76900,77100,77400,78300,79200,79500,79300,79200,79200,79000,78800,78900,79300,79600,79800,80200,80300,80300,80400,80300,79900,79500,79300,79200,79300,79800,80700,81500,82000,82100,82200,82300,82500,83000,83600,83900,84000,84100,84000,84000,84500,85500,86400,86500,86000,85400,85000,84800,84500,84700,85400,85700,85400,84900,84000,83300,83500,84400,84900,85000,85600,84900,83100,82500,83100,83200,83300,83600,83800,83800,83700,83500,83000,82700,82600,82600,82800,83200,83000,82500,82200,82200,82200,82400,82400,82300,82600,82900,83300,83100,82800,82700,82600,81600,80400,79700,79200,78700,78600,78600,78200,77900,78000,78100,77900,77300,76800,76300,75900,75900,76300,75900,74700,74000,74000,74400,75400,77300,79300,80600,81500,81600,80700,79200,77600,76700,76500,77100,77800,78000,78000,78700,79200,79900,81300,82900,84200,84900,85100,84900,83700,83500,84900,85500,85100,85800,87000,88100,89100,90200,91000,91400,91600,91600,90300,88700
Boone,IL,Rockford,146800,145000,145700,143700,137900,132500,129800,128100,127200,127100,126700,126200,126000,126200,126400,127400,129200,130600,131200,131700,132400,132800,133000,133100,134000,134100,133000,131900,131200,130800,130500,129900,128800,128300,128000,127800,127700,127800,128000,128800,130100,131500,132800,134100,135100,135900,136800,137400,137700,137800,137700,137500,137600,137200,136100,135300,134900,134500,133900,134100,134800,135800,137100,138900,140300,141400,142100,142500,143000,143800,144400,145200,146300,147400,147800,147700,147600,147800,148000,148200,148400,148700,149000,149200,149000,149400,150200,150900,151600,152800,154400,156400,158500,160100,161300,162400,163000,162700,162700,163300,164500,165700,166600,167500,167900,168500,169900,171200,172100,173200,174600,175700,176600,178100,179900,181200,182200,182900,183500,183800,184000,184300,184600,184600,184300,183600,182900,182800,183300,183700,183700,183600,183600,183600,183400,183800,183900,183100,182900,183000,182900,183000,183000,182800,183000,182000,178900,176100,174600,173200,170700,167900,167300,168400,168900,167300,164900,162200,160200,158300,156700,156300,155800,155000,151300,145900,141600,139800,139100,140000,141300,142300,142400,141200,139500,137400,135400,133800,132400,130300,128500,127400,126600,124900,122200,120400,120000,119600,119600,119400,119100,119000,118900,118400,118400,118700,119300,119400,118900,119100,120000,120600,121100,121400,121100,120100,119300,119200,119100,119100,119500,119700,119500,119400,119700,120500,121700,122500,122600,123300,125400,127700,128900,129200,129300,129700,130300,130800,131400,132100,133000,133700,134100,134600,135400,136200,137500,139000,140400,141500,142100,142600,142900,142800,142900,143900,144700,145700,147100,148600,149200,149600,150300,151100,151700,152300,152500,151600,150400
Coles,IL,Charleston,96500,96400,96400,96400,96400,96400,96400,96500,96500,96500,96500,96500,96500,96400,96400,96400,96400,96400,96400,96500,96500,96500,96500,96500,96500,96400,96400,96400,96400,96400,96400,96500,96500,96500,96500,96500,96500,96400,96400,96400,96400,96400,96400,96500,96500,96500,96500,96500,96500,96400,96400,96400,96400,96400,96500,96500,96500,96500,96500,96500,96500,96400,96400,96400,96400,96400,96400,96500,96500,96500,96500,96500,96400,96400,96400,96400,96400,96400,96400,96500,96500,96500,96500,96500,96500,96500,96400,96400,96400,96400,96400,96400,96400,96500,96500,96500,96500,96500,96500,96400,96400,96300,96300,96200,96300,96500,96700,96800,96800,96700,96500,96400,96300,96200,96100,95800,96000,96600,97100,97100,97100,96800,96500,96300,96200,96100,95800,95400,95700,96700,97300,97200,97200,96900,96500,96300,96200,96000,95700,95100,95500,96700,97500,97500,97500,97100,96600,96400,96200,95900,95600,95300,94400,92100,89200,86700,85800,86700,87800,87500,86800,86000,85900,87600,85100,79600,77300,78600,78500,78100,77900,78300,78600,78900,78900,78500,79100,80500,81200,80800,80400,79700,79100,78700,78500,78500,78500,78200,78200,78800,79100,78900,78700,78800,79100,79000,78800,78900,79000,78600,78900,80000,81000,81700,82100,82000,81700,81500,81200,81100,80800,79700,79300,79700,79900,79500,79400,79500,79500,79700,80300,81000,81400,81600,82500,83700,84200,84200,84400,84100,83500,83600,83600,82900,81800,80600,79700,79400,79000,78700,78700,78600,78100,77900,78600,79400,79500,79900,81300,83200,84600,85700,85900,86200,86600,86600,85100,84000,83600
Knox,IL,Galesburg,,,,,,,,,,,,,,,,,,,,,,,,,,,,,,,,,,,,,,,,,,,,,,,,,,,,,,,,,,,,,,,,,,,,,,,,,,,,,,,,,,,,,,,,,,,,,,,,,,,,,,,,,,,,,,,,,,,,,,,,,,,,,,,,,,,,,,,,,,,,,,,,,,,,,,,,,,,,,,,,,91800,91800,92900,95400,92800,85900,81900,81600,79400,76900,75000,73400,71500,69600,68200,67300,65800,64400,63500,62800,62000,61600,61500,61600,62000,62400,62500,62700,63200,63900,64800,65500,66100,66400,66600,67100,67300,67300,68200,69800,70100,69400,68700,68500,68600,68900,69300,69700,69800,69600,69500,69400,69300,69000,68500,68300,68700,69000,68900,68400,68300,68500,69000,69500,69900,70100,70100,70100,70500,71100,71400,71400,71900,72800,73300,73100,73300,73300,73000,72300,71700,70900,70500,70700,71300,71600,71600,71400,71100,70600,70300,70500,71100,71400,71300,71400,72000,72800,73500
Henry,IL,Davenport,,,,,,,,,,,,,,,,,,,,,,,65400,67700,70300,72700,74700,76400,77700,78800,79200,79000,78600,78000,76800,76100,75800,75500,75200,75200,75200,75300,76100,77200,78000,78500,78800,79700,81200,82900,83900,83900,83700,83400,83300,82900,82100,81000,80400,80400,80600,80500,80700,80900,80900,81200,81700,81400,81400,82700,83600,83200,82900,83000,82800,82700,83200,83100,82400,81800,81800,81600,81400,81800,82300,82600,82700,82900,83600,85000,86200,87300,88800,91000,92800,93100,93000,93400,94100,94600,94600,94700,94900,94900,94600,94400,94500,95300,96600,97700,98600,99400,99600,98500,97500,98100,98900,98800,98500,99000,98900,98900,99300,99700,99600,100000,101100,101800,101700,101100,101000,100900,101100,100900,100000,99800,100600,101500,101300,101000,100500,99700,98900,99600,99100,96900,95200,95200,94900,94400,94500,95100,95500,95600,96000,96700,97600,98500,99400,99800,100300,101100,101700,101600,101800,102300,102600,101700,101500,102400,102800,102400,102200,101800,101100,100300,100400,101100,100800,99200,98600,99000,99500,99700,100000,100500,101000,100700,100000,99400,99300,99500,99800,99800,99600,99300,98900,98500,98600,99600,100900,102200,103100,103200,102600,102700,103400,103500,102800,102400,102800,102700,102000,101600,101600,101600,101200,100700,100500,100600,100800,101200,102100,103000,103100,103100,103300,104100,104500,104400,103800,103800,104700,106600,107500,107700,107500,107400,107500,108100,108700,109900,111400,112400,113500,112100,108600,106200,105900,105700,105700,106500,107600,107500,106900,106400,105200,104000,103600
Grundy,IL,Chicago,,,,,,,,,,,,,,,,,,,,,,,,,,,,,,,,,,,,,,,,,,,,,,,,,,,,,,,,,,,,,,,,,,,,,,,,,,,,,,,,,,,,,,,,,,,,,,,,,,,,,168300,169300,171300,173100,174000,174400,175800,177800,179700,181600,183200,184600,185500,186100,187500,189200,190100,190100,191300,193500,195600,196900,197600,197400,196900,197300,198600,200000,201000,201400,200300,197900,195400,194400,194700,195800,196500,196200,195100,193700,192700,192700,193000,192400,191800,190600,188800,187100,186600,186500,185800,184300,184600,186800,188100,187500,187800,188200,187600,185700,183400,182300,182000,181900,177500,170400,166600,166500,164700,162700,161400,160200,158300,156300,155000,154100,153900,154000,153500,152800,152500,152000,150900,149600,147800,145700,144600,144800,145500,146300,146900,146800,146700,147200,148300,149100,149400,149800,150500,151000,151400,151800,152200,152600,153200,154000,154100,155700,159200,161800,162400,162400,162400,161500,161000,161700,161500,159500,158200,157400,157100,158100,159400,159700,160000,160700,161500,162000,162300,163200,163000,163000,163000,164800,165800,166000,166600,169000,169900,169900,171000,172900,175100,175800,175700,175300,175100,174400,174100,174100,174400,174600,174900,175200,176500,178700,180200,178900,177000
Stephenson,IL,Freeport,,,,,,,,,,,,,,,,,,,,,,,,,,,,,,,,,,,,,,,,,,,,,,,,,,,,,,,,,,,,,,,,,,,,,,,,,,,,,87300,87200,87200,86600,85800,85300,85100,85000,85100,85300,85600,86000,86400,86900,87500,88400,89300,89400,89100,88800,88500,88100,87400,87100,87000,86900,86600,86900,87500,88100,88700,89500,90000,90100,90600,91400,92100,92900,94000,94600,94700,95300,96100,96900,97500,97700,97100,96200,95500,95000,94200,93500,93200,92700,92300,92000,91900,92100,92400,92500,92500,92800,93100,93200,93600,93800,93800,93700,93700,93600,93400,92900,93100,93600,94000,94200,94800,95700,95700,94800,94300,94700,95900,97300,98200,98300,97300,96300,95100,93300,91200,89400,87400,85200,83400,82300,80800,78700,77400,76400,75000,74200,74500,74600,74900,74700,73800,72500,71600,71300,71100,70400,69600,69100,68600,68300,68000,67200,66200,65200,64200,63100,61900,60800,60400,60500,60900,61300,61600,61500,62000,63300,65200,66900,68400,70600,73300,75800,78200,80400,82800,85500,87200,87600,87200,86700,87700,89600,90500,89000,86600,84300,82800,82400,83500,84800,85300,85300,85200,85300,85400,85800,87100,88600,90000,91000,91000,89700,88500,88600,89900,90400,89500,88100,86800,85500,84600,84100,84100,84700,85900,86800,87200
Livingston,IL,Pontiac,66200,67900,69500,70000,70500,70400,70700,71200,71600,72000,72300,72600,72800,73100,73700,74400,74900,75100,75000,75000,75100,75100,75200,75100,74500,73600,73000,72300,71600,71400,71400,71300,71400,72100,72700,73200,73800,74600,75600,76600,77300,77400,77100,76700,76700,77000,77500,77600,77300,76900,76700,76900,77500,77900,77900,77700,77800,78400,78900,79600,80100,80000,79500,80000,80500,81000,81400,81900,81700,81500,82100,83000,83200,83500,84600,85100,84800,84900,85700,87100,87700,86800,85700,86200,87700,88900,88200,87100,87200,88300,88600,88200,88800,90300,90600,89800,89100,88700,89300,90700,92000,92500,93500,95000,96400,97400,98300,98500,98800,99900,101000,100900,100000,99500,99300,98700,97800,96800,96200,96600,96700,95700,94600,94500,94800,95000,95100,95200,95600,96800,97700,97600,97500,97600,97300,96600,96500,96400,96700,96700,96300,96000,96200,95800,95100,95000,95600,96700,96900,96600,95900,95400,96000,96900,97400,97900,98200,97700,96800,96000,95000,94100,93700,93700,91800,89000,87800,88600,89300,89700,89800,90000,90700,91800,93300,94000,94100,94000,93700,92300,91300,92000,93200,93000,92200,91200,89400,88100,87900,88200,88700,89200,89100,88200,87600,87700,87900,87700,87500,87500,87900,88300,87900,87500,87000,86700,86200,85700,85300,84500,83100,82100,82000,82000,81300,80700,80500,80200,79800,79700,79500,79300,79000,78900,79400,80400,81100,81400,81700,81800,81900,82100,83000,84800,86400,86600,85500,84200,83400,82600,82300,82900,84100,84600,84300,84800,86100,87400,88100,88600,88800,89400,90500,91200,90800,90500,90500,90300,89800
Woodford,IL,Peoria,54900,55600,57000,58600,60200,61600,63100,65400,68000,70500,72800,75100,77600,80300,83200,85200,86100,86700,87400,87300,86800,86400,86700,87800,88400,87500,87300,87600,88300,89100,90300,90800,91400,91500,90700,90700,93000,95400,95700,95800,96300,96200,95700,95700,95500,95300,95400,95500,95300,95400,95900,96600,97400,97400,97100,97200,97100,97300,98600,99400,99100,98800,98700,98600,98100,98200,98300,98500,99100,99200,99400,100600,101200,100900,101200,102200,102900,103000,103400,103600,103300,103800,104500,105000,106200,107900,108400,108200,108500,109600,110100,110700,112000,112800,112400,112300,113300,114700,116300,117500,118800,120100,121500,122400,122900,123000,123300,123700,123800,123800,123900,124000,124200,124600,125600,126700,127700,128700,129800,130700,131000,131100,131400,131900,131700,131200,131000,131000,130800,130700,131100,131700,132200,132800,133400,134100,134700,134800,135000,135700,136300,136300,136300,136800,137000,137100,137200,137700,138700,139800,140400,140500,139200,136900,134700,133600,132700,132600,132800,133000,132500,132100,131500,130100,131900,136700,139500,138100,137800,137400,136400,135300,135300,135300,135400,136000,136700,137700,139600,141500,141900,140900,139600,138800,138900,138800,138900,140000,140400,139700,139500,140900,142600,143700,145400,146700,147400,148800,150300,150900,151200,151100,150200,149200,148700,148800,148800,148800,148900,148500,147200,145500,143300,141400,141100,141500,141000,140600,140800,140800,141000,141300,142100,143300,144000,144000,143900,144000,144200,144600,145600,146600,146700,145800,144700,144200,144100,144000,144400,144900,145400,145800,145800,145400,144800,145100,146600,148000,148000,147500,146400,145500,145100,145900,146100,146000,145700,145800,146200
Morgan,IL,Jacksonville,62600,62400,62100,61500,60400,59800,60200,60500,59800,59100,58800,58600,58400,58800,59800,59500,58900,58400,58100,58100,58400,58300,58500,58700,59100,59600,59600,59800,61400,62700,62800,62900,63600,64100,64800,66000,66900,66800,66800,67200,67100,65800,64800,64600,64500,63800,62300,60900,59700,58900,58500,57900,57000,55900,54400,52500,51400,51000,50800,51000,51300,51100,50900,51800,52600,53700,54900,56300,57900,59600,61000,61900,62700,63700,65100,66200,67400,68500,69300,69800,69700,69400,69100,69200,69400,69700,69300,68800,68700,69300,70600,71900,73000,73900,74800,75300,75700,75800,75800,75700,75700,75700,75700,75200,74800,75100,75700,75900,75900,76400,76800,77200,77300,77400,78000,78700,78700,78500,78400,78400,78500,78300,78100,77900,77700,77100,76600,76200,76300,76200,76100,75900,75800,75900,76400,77500,78900,79700,80000,80300,80800,81400,82700,83500,84200,85500,87200,87400,86800,86700,86700,86700,87700,88900,88500,87600,86800,85700,83700,82100,81500,81300,80600,80100,78600,76500,75500,75700,75700,75300,75000,74600,73800,72900,72700,72700,72700,72500,72100,71400,70800,70800,71600,72700,73800,74200,74200,74300,74300,73800,73300,73000,72600,72100,71800,71500,71000,71100,71800,72000,72000,72500,73300,74100,75100,75800,76100,76200,76800,77000,76800,76400,76600,77100,77900,78600,79100,79700,80500,80800,80500,80000,79700,79800,80200,80500,80500,80600,80500,79900,79100,79200,80200,81200,81700,82400,83600,84600,84700,85200,85900,85800,85000,84000,83500,83700,84000,83900,83400,83000,82700,82300,82400,83100,84300,85100,85200,85200,85400
Christian,IL,Taylorville,50500,50300,49900,49800,49400,49000,49100,49400,49500,49500,49300,49300,49400,49700,50100,50200,50300,50800,51600,52300,52700,53000,53100,53300,53700,53900,53600,53700,53900,53700,53100,52600,52400,52500,52800,53100,53200,53200,53300,53200,53200,53500,53900,53800,53800,53800,54300,55400,55900,55600,55500,55500,55300,55100,55000,55100,55300,55400,55100,54700,54500,54700,55400,56000,56400,56700,57100,57400,57700,57600,57400,57400,57400,57700,58100,58600,59400,59900,59600,59000,58900,59200,59500,59700,60000,60300,60300,59700,59400,59400,60300,61600,62200,62900,64000,64400,64200,64200,64500,65000,65600,65900,66100,66200,66200,66000,65500,65300,65200,64900,64700,64300,63700,63300,62700,62300,62300,62700,62800,63000,63200,63500,63700,64100,64600,65100,65500,66000,66300,66300,66000,66000,66400,66300,66000,66100,66200,66200,66500,66700,67000,67700,68500,68600,68500,68600,68900,68900,68700,68600,68500,68200,68200,68600,68600,68100,68300,69200,70000,70800,71500,71200,70500,70500,69300,67300,66500,66800,66400,66500,,66400,65800,65300,65500,65500,65400,65500,65400,65400,65700,66200,66100,65800,65500,65500,65600,65400,64900,64400,64000,63200,62300,61700,61500,61600,61800,61800,62100,62600,63000,63500,64600,65500,66100,66300,65800,65100,64700,64700,65000,65400,65200,64600,63700,63200,63300,63900,64500,65000,65300,65500,66200,66800,66900,67400,68400,69300,70000,70100,70500,72100,73700,73900,73300,72800,72600,73200,74100,74800,75300,75800,74800,72800,71400,71100,69700,69500,71400,73900,75000,75700,76000,76100,76400,77000,77700,78100,78200
Effingham,IL,Effingham,73900,74900,76400,76900,76600,76300,75300,74100,73100,73400,73400,72900,72300,72500,73100,73700,73200,73900,75900,76100,75500,76200,76900,77000,77400,77500,77100,78100,78900,77700,76500,76600,76400,76300,75400,73000,70800,69800,68300,67000,66400,65000,63000,61800,61200,59800,59100,59600,60000,59600,60000,60400,61300,63300,65700,67700,70200,72500,74700,76700,78900,81700,83800,85300,86600,86500,85500,85600,85800,86000,85700,85400,84800,83900,83000,82500,81900,82200,82400,82300,82400,82400,83100,84100,85400,86000,87000,88600,90400,91500,92700,93700,93700,93200,93000,93400,93600,93300,93000,92600,92100,92100,92500,92600,92900,93500,93900,94200,95300,96500,96800,96700,96800,97000,96900,96600,96700,97200,97900,99000,99900,101000,102000,102400,102500,104200,106500,108900,111400,115100,118400,118800,117600,117000,117300,117600,118200,118300,117900,118000,119400,121100,122200,121900,121900,123000,125500,128900,131400,132400,133600,133700,131600,128900,126800,125900,125500,124700,122600,120400,118600,117800,117500,118100,115400,110600,108000,108900,109400,109000,107500,106600,106800,106800,106200,105400,106100,106900,106400,104600,103700,103800,104600,104900,104700,104200,103200,103200,105000,107400,109500,111800,113800,114800,115200,115400,115200,115100,115500,115800,115800,116200,116500,116600,116800,117500,118100,117600,116500,115900,115900,115400,114800,114800,115100,115000,114400,113700,114000,115400,117000,117700,118000,118500,119500,120600,121600,122100,122400,122400,122400,122400,122500,122700,122600,122200,121900,121900,121900,121800,121700,122000,122200,122700,123400,123800,124100,124300,124700,125000,124900,124500,124800,124700,124100,122900,122500,123300,124300
McDonough,IL,Macomb,,,,,,,,,,,,,,,,,,,,,,,,,,,,,,,,,,,,,,,,,,,,,,,,,,,,,,,,,,,,,,,,,,,,,,,,,,,,,,,,,,,,,,,,,,,,,,,,,,,,,,,,,,,,,,,,,,,,,,,,,,,,,,,,,,,,,,,,,,,,,,,,,,,,,,,,,,,,,,,,,,,,,,,,,,,,,,,,,,,72800,74300,75900,77200,78500,79600,80000,79700,78900,77100,75800,76000,76300,75800,75800,76300,76000,74900,74800,76300,76800,75500,75000,76200,77300,77500,77800,77800,77500,77400,77100,76200,74800,73400,72900,73500,74700,75900,76600,76600,76800,77200,77300,76900,76300,75300,74900,75600,76400,77500,78800,79600,79800,80000,79600,79000,78300,77000,76000,76100,76200,75700,75300,75000,75100,75300,75300,75200,74400,73100,72100,71700,71900,72400,73000,73800,74400,74000,73100,72100,71200
Iroquois,IL,,,,,,,,,,,,,,,,,,,,,,,,,,,,,,,,,,,,,,,,,,,,,,,,,,,,,,,,,,,,,,,,,,,,,,,,,,,,,,,,,,,,,,,,,,,,,,,,,,,,,,,,,,,,,,,,,,,,,,,,,,,,,,,,,,,,,,,,,,,,,,,,,,,,,,,,,,,,,,,,,,,,,,,,,98700,97200,95800,93900,90200,88300,89000,89500,87800,86100,84200,81300,77900,75200,73700,72400,71600,71600,72000,72400,72700,73400,75100,77200,78600,80100,82000,83700,85800,87300,87200,85900,85200,85400,86100,87700,90600,93800,95700,97000,98200,98900,98600,98400,98700,98800,98500,97800,97600,97700,97300,96500,95800,94500,93200,92200,91800,92400,93300,93500,93300,92400,90900,89900,89700,89700,89900,91700,93900,95100,94900,94200,93200,92600,92700,93700,93400,92100,91800,92300,92000,90500,88500,87000,86100,84700,83600,82900,83300,84200,84200,83400
Warren,IL,,91500,91500,91500,91400,91400,91400,91400,91400,91400,91500,91500,91500,91500,91500,91500,91400,91400,91400,91400,91400,91400,91500,91500,91500,91500,91500,91500,91400,91400,91400,91400,91400,91400,91500,91500,91500,91500,91500,91500,91400,91400,91400,91400,91400,91400,91500,91500,91500,91500,91500,91500,91400,91400,91400,91400,91400,91400,91500,91500,91500,91500,91500,91500,91400,91400,91400,91400,91400,91400,91500,91500,91500,91500,91500,91500,91400,91400,91400,91400,91400,91400,91400,91500,91500,91500,91500,91500,91500,91400,91300,91300,91200,91200,91400,91700,91700,91700,91600,91600,91500,91400,91300,91100,90900,90900,91200,91500,91600,91600,91600,91500,91500,91400,91200,91100,90900,91000,91400,92000,92200,92200,92200,92100,91800,91500,91200,90800,90400,90200,90600,91000,91200,91300,91400,91400,91300,91300,91100,90900,91400,89800,85400,81300,79700,79100,78700,78400,77900,77300,76600,76000,75300,74700,74300,73900,73100,72300,71200,69700,68000,66200,64300,62500,60800,59500,58500,57800,57300,56200,54300,52900,52500,52900,54100,55400,56200,57100,58100,58000,57400,57400,58400,59600,60200,59800,59000,58000,56900,55900,56100,56800,56000,54700,54100,53800,53800,54200,55000,56400,58100,59800,61300,63200,65500,67700,69600,71300,72200,73200,73800,73000,71700,70900,70000,68700,67800,67400,67000,66300,65700,65100,64600,65000,65600,66000,66400,67200,68000,68700,68800,68700,68900,69600,70000,69700,69100,68300,67800,67400,67400,67400,67600,67800,68100,68000,67700,66900,66300,66300,66700,67100,67700,68400,68400,68000,67100,65900,64800,64100
Dewitt,IL,Bloomington,96500,96500,96500,96400,96400,96400,96400,96400,96500,96500,96500,96500,96500,96500,96500,96400,96400,96400,96400,96400,96400,96500,96500,96500,96500,96500,96500,96400,96400,96400,96400,96400,96500,96500,96500,96500,96500,96500,96500,96400,96400,96400,96400,96400,96400,96500,96500,96500,96500,96500,96500,96400,96400,96400,96400,96400,96500,96500,96500,96500,96500,96500,96500,96400,96400,96400,96400,96400,96400,96500,96500,96500,96500,96500,96500,96400,96400,96400,96400,96400,96400,96500,96500,96500,96500,96500,96500,96400,96400,96300,96300,96200,96300,96500,96600,96500,96500,96400,96400,96300,96300,96300,96200,96100,96300,96700,96900,96800,96700,96700,96600,96500,96300,96200,96100,95800,95900,96400,96600,96400,96300,96200,96200,96200,96200,96200,96200,96100,96500,97200,97600,97500,97300,97100,97100,96900,96500,96200,95900,96000,93500,89100,86400,86300,86100,86200,86600,86900,87200,87600,88000,88300,88800,89600,90100,89900,89500,89000,88500,87600,86200,84700,83100,81300,79900,79000,77900,76600,75500,74800,74500,74300,74200,74300,74600,74900,75600,76700,77900,78700,80000,79500,77100,75600,76200,76400,76500,76500,76700,76800,77200,78100,79100,79800,80500,80800,80000,79100,79100,79900,80800,81600,82100,81500,79800,78600,78700,79600,80700,81100,80800,80400,80500,80700,80300,79400,78900,79500,80400,80500,80100,80600,81500,82100,82300,82200,81600,81300,81700,82500,83000,83400,83800,83700,83000,82800,82600,82000,81700,82000,82000,81900,82300,82500,82400,82200,82000,81200,80500,80400,80500,80700,81300,81700,82000,82300,82600,82900,83400
Clark,IL,,,,,,,,,,,,,,,,,,43400,43300,42800,42200,41600,42500,43400,41700,40300,40600,41700,42800,43100,41700,40900,42000,43700,42800,41200,40900,42200,42200,41700,41700,43300,43600,43300,43200,42400,41900,42600,42700,42100,42200,42400,41000,39600,39300,41500,43700,43500,41900,41700,43000,43800,43400,42600,42900,43400,44900,45800,45500,45700,47100,47900,47800,47500,47000,47100,47200,46800,46600,46000,45800,45700,45400,45800,47200,47200,47000,47900,48700,49600,51000,51100,50900,53100,56500,56900,56400,57800,59700,59900,60300,60900,60000,58300,58100,59000,59500,59900,60200,60300,60000,59800,59800,59600,59900,60900,61500,61400,61300,61700,62500,63800,64900,65400,65700,66100,66700,68300,69900,70400,70100,69800,68800,67500,66900,67500,68400,68900,69200,69800,70200,69800,69200,69300,69600,69400,69000,68600,68400,69200,70400,70800,70800,71600,72900,73300,72900,73000,72900,72800,72400,71500,70700,70700,70600,68500,65800,64600,65300,66100,67300,68200,68500,68000,67000,65900,64600,63900,63900,63700,63000,62200,60900,59500,58500,58200,57800,57500,57600,58300,59000,59500,59900,60200,60300,60000,59800,60000,60300,60500,60900,61400,61700,61900,62200,62700,64000,66200,68700,70800,73200,75800,78500,80900,83600,86200,87700,88200,88800,88500,86800,84600,82800,80600,78400,76400,74600,73000,72500,72000,71500,71900,72500,72600,72600,72500,72200,72500,73200,73700,73900,73700,72900,72000,71500,71400,72000,72600,72700,72200,71200,69400,68400,69000,69500,69200,70200,71000,70500,70000
Ford,IL,Champaign-Urbana,34200,35000,35900,35600,35400,35800,36200,36300,36700,37500,38000,38500,38600,39000,39500,39800,39400,39500,40100,40900,41500,41500,41500,41600,42100,42400,42700,43300,44200,44300,44100,44700,45500,46300,47000,47800,48100,47900,47600,47500,47700,47900,47700,47100,46900,47300,47700,48100,48500,49100,49300,49500,49800,49600,49900,50400,50000,49300,49900,51200,52400,52400,52000,52300,53200,53800,53800,53500,53400,54000,54100,53200,53000,53700,54600,55700,56300,56300,56300,56800,57600,58500,58600,59100,59900,60700,61300,61300,61500,63100,65100,66400,67200,67800,68600,69200,68500,67700,67600,67700,68200,68900,68700,69100,70500,71800,72600,74700,77700,80000,81900,83500,84800,85900,87100,87300,86800,86300,86200,86200,85300,84200,84000,84100,84000,83500,83700,84500,85800,86800,87100,86200,86400,87700,88800,89900,90600,90200,89900,89800,90100,91000,91300,90700,90100,89100,87900,86800,86100,85500,85200,84800,84900,85900,87300,88000,88300,88400,87900,87100,86700,86700,86800,86600,83300,78500,75800,75800,75400,75200,74800,74400,74400,74500,74800,75200,75700,75700,75600,75100,74100,73900,74700,75400,75000,74000,72900,72000,71700,72100,72100,72100,72700,73000,73000,73400,74100,74700,75500,76400,77100,77400,77800,78200,78300,77900,77200,76400,76200,76200,76000,75500,75400,75300,74700,73700,73200,73600,74200,74500,74800,75500,76300,77000,77600,78200,78600,78200,78000,78500,78900,78700,78000,77600,76800,76100,75900,76100,75800,75600,75700,75700,75300,74800,74600,74700,74200,73700,74500,76400,78600,80000,80500,80000,80200,80900,81300,81100,81000
Clay,IL,,,,,,,,,,,,,,,,,,,,,,,,,,,,,,,,,,,,,,,,,,,,,,,,,,,,,,,,,,,,,,,,,,,,,,,,,,,,,,,,,,,,,,,,,,,,,,,,,,,,,,,,,,,,,,,,,,,,,,,,,,,,,,,,,,,,,,,,,,,,,,,,,,,,,,89900,90000,89800,89900,89600,88300,86700,85500,84100,82300,80300,78000,75600,73200,70800,68600,66300,63900,61800,60400,59500,58900,58800,59000,59500,60400,61600,63000,64300,65400,66500,67900,69500,70900,71800,72200,72100,71800,71100,70200,68900,67300,65600,64400,63700,63200,62700,62300,62200,62400,62700,63100,63500,63700,64000,64800,66200,67800,69000,70100,71400,72800,74200,75100,74400,74400,76400,78500,78400,77300,75800,74500,73600,73100,72500,72000,72200,72700,72400,71600,71100,70800,70500,70300,70200,69700,69600,70100,71400,72400,73800,75400,77300,78400,80200,82200,82800,81600,81700,82300,82200,80800,79000,76000,71300,67900,66900,66800,66400,66100,65800
Gallatin,IL,,,,,,,,,,,,,,,,,,,,,,,,,,,,,,,,,,,,,,,,,,,,,,,,,,,,,,,,,,,,,,,,,,,,,,,,,,,,,,,,,,,,,,,,,,,,,,,,,,,,,,,,,,,,,,,,,,,,,,,,,,,,,,,,,,,,,,,,,,,,,,,,,,,,,,,,,,,,,,,,,,,,,,,,,,,,,,,,,,,,,,,,,,76500,75900,75700,75300,74500,73900,73400,73000,72800,72700,72600,72200,71500,70800,70400,70000,69700,69600,69500,69700,70200,70900,71800,72600,73000,73500,74300,74800,75300,75800,76200,76500,76700,76800,76600,75800,74300,72700,71100,69200,67300,65600,64000,62600,61500,60700,60100,59400,58700,58300,58100,57900,57700,57900,58600,59400,60300,61000,61700,62900,64600,66700,69300,71800,73800,75700,77600,79500,81200,82600,84000,84900,85300,85100,84800